{"cameraMode":{"drawMode":0,"name":"Shaded","section":"Shading Mode"},"sceneLighting":true,"audioPlay":false,"sceneViewState":{"m_AlwaysRefresh":false,"showFog":true,"showSkybox":true,"showFlares":true,"showImageEffects":true,"showParticleSystems":true,"showVisualEffectGraphs":true,"m_FxEnabled":false},"in2DMode":false,"pivot":{"x":39.65606689453125,"y":101.97921752929688,"z":138.69285583496095},"rotation":{"x":-0.08705464750528336,"y":-0.7680326104164124,"z":0.10690876841545105,"w":-0.6253997087478638},"size":122.94024658203125,"orthographic":false}